condition,metric,N,mean,SD,median,Q1,Q3,bootstrap_95ci_low,bootstrap_95ci_high,family,method,evaluation_mode
FACTORIAL_ERROR_OFF_SUPPRESSION_OFF,dice,40,0.2762071661327381,0.16648155812622573,0.26824731584193473,0.1605030356699344,0.39412070110037045,0.22646387018022207,0.3291898900404981,mechanism,,
FACTORIAL_ERROR_OFF_SUPPRESSION_OFF,iou,40,0.17217822095393448,0.12831041248513567,0.15493534141934123,0.08725397321039535,0.24542442636452688,0.13536059465264147,0.21330490660274457,mechanism,,
FACTORIAL_ERROR_OFF_SUPPRESSION_ON,dice,40,0.28807542785274454,0.16609163800542953,0.2717145150435562,0.16296507290500262,0.41257797576110855,0.23917261534297019,0.3402789807346136,mechanism,,
FACTORIAL_ERROR_OFF_SUPPRESSION_ON,iou,40,0.1805115397879491,0.13090428453193412,0.15724931964574096,0.08871104648226841,0.2599050215901637,0.1431604145766683,0.22374975792433496,mechanism,,
FACTORIAL_ERROR_ON_SUPPRESSION_OFF,dice,40,0.36124881606469395,0.1783961471757867,0.3648097254845589,0.22398566567481387,0.4674398796645586,0.30873856225771446,0.41657250007476243,mechanism,,
FACTORIAL_ERROR_ON_SUPPRESSION_OFF,iou,40,0.23582878532160273,0.1467782736392715,0.223107813079505,0.12612524908292833,0.30501843925470984,0.19254466269689227,0.28245237956245184,mechanism,,
FACTORIAL_ERROR_ON_SUPPRESSION_ON,dice,40,0.3884208514831534,0.1735083320190867,0.37746157603644065,0.2644963101871098,0.49369194950449413,0.3363696787335541,0.4412586165395727,mechanism,,
FACTORIAL_ERROR_ON_SUPPRESSION_ON,iou,40,0.25657411219916976,0.15010497062885392,0.2326364630461027,0.15240340790608267,0.3277877622527373,0.21314495798343763,0.3052009381598968,mechanism,,
FIXED_P0,dice,40,0.2762071661327381,0.16648155812622573,0.26824731584193473,0.1605030356699344,0.39412070110037045,0.22718335196982162,0.3283168501329602,mechanism,,
FIXED_P0,iou,40,0.17217822095393448,0.12831041248513567,0.15493534141934123,0.08725397321039535,0.24542442636452688,0.13491417837561218,0.21256595371464979,mechanism,,
FULL_PCC,dice,40,0.3884208514831534,0.1735083320190867,0.37746157603644065,0.2644963101871098,0.49369194950449413,0.336739031093995,0.44278639014116333,mechanism,,
FULL_PCC,iou,40,0.25657411219916976,0.15010497062885392,0.2326364630461027,0.15240340790608267,0.3277877622527373,0.2131277602785412,0.30553646719841127,mechanism,,
GLOBAL_DISCREPANCY,dice,40,0.39322673515301176,0.1714978248066687,0.3786466054545023,0.2786469540144292,0.49829997289273187,0.3410055061355568,0.44774499786358746,mechanism,,
GLOBAL_DISCREPANCY,iou,40,0.26007688764874237,0.1493557439376699,0.2335373989312576,0.16188735075897556,0.3318499026276281,0.21610500353896503,0.30921142336005675,mechanism,,
NAIVE,dice,40,0.27500138991244916,0.16735708936803684,0.2643151141514357,0.15457454285931635,0.39409031704592284,0.22482207388836353,0.3280536227827286,mechanism,,
NAIVE,iou,40,0.1714655093485256,0.12877942814189508,0.1523347248903134,0.0837609666173107,0.24540088485923514,0.13452978945376068,0.21425835375980826,mechanism,,
NO_ERROR_GUIDED_TERM,dice,40,0.28807542785274454,0.16609163800542953,0.2717145150435562,0.16296507290500262,0.41257797576110855,0.2391787386634046,0.34047033659999304,mechanism,,
NO_ERROR_GUIDED_TERM,iou,40,0.1805115397879491,0.13090428453193412,0.15724931964574096,0.08871104648226841,0.2599050215901637,0.1427764495168581,0.22288950446810263,mechanism,,
NO_OUTSIDE_SUPPRESSION,dice,40,0.36124881606469395,0.1783961471757867,0.3648097254845589,0.22398566567481387,0.4674398796645586,0.3073773621309569,0.4169294730073227,mechanism,,
NO_OUTSIDE_SUPPRESSION,iou,40,0.23582878532160273,0.1467782736392715,0.223107813079505,0.12612524908292833,0.30501843925470984,0.19363118480500044,0.2834812287138274,mechanism,,
NO_SMOOTHING,dice,40,0.5001397076361601,0.17635167273893507,0.5133707035864199,0.378782574342467,0.5945198148192297,0.4466413800239759,0.5544621884725907,mechanism,,
NO_SMOOTHING,iou,40,0.35286069087298594,0.17180273126063633,0.34532706485859244,0.23365009788676036,0.423088592244941,0.3023495498303292,0.4071035595266916,mechanism,,
ONE_ROUND,dice,40,0.28760688178401106,0.16747002723291068,0.2811242554693285,0.16552596999284977,0.4116970456659384,0.2386907026246377,0.34056704893415435,mechanism,,
ONE_ROUND,iou,40,0.18026939500659012,0.13065431990243387,0.1635729467878774,0.09023087113421197,0.25921632196780225,0.1432067595026242,0.22148687241508055,mechanism,,
FIXED_P0,dice,40,0.2762071661327381,0.16648155812622573,0.26824731584193473,0.1605030356699344,0.39412070110037045,0.22718335196982162,0.3283168501329602,counterfactual,,
FIXED_P0,iou,40,0.17217822095393448,0.12831041248513567,0.15493534141934123,0.08725397321039535,0.24542442636452688,0.13491417837561218,0.21256595371464979,counterfactual,,
FULL_PCC,dice,40,0.3884208514831534,0.1735083320190867,0.37746157603644065,0.2644963101871098,0.49369194950449413,0.336739031093995,0.44278639014116333,counterfactual,,
FULL_PCC,iou,40,0.25657411219916976,0.15010497062885392,0.2326364630461027,0.15240340790608267,0.3277877622527373,0.2131277602785412,0.30553646719841127,counterfactual,,
NAIVE,dice,40,0.27500138991244916,0.16735708936803684,0.2643151141514357,0.15457454285931635,0.39409031704592284,0.22482207388836353,0.3280536227827286,counterfactual,,
NAIVE,iou,40,0.1714655093485256,0.12877942814189508,0.1523347248903134,0.0837609666173107,0.24540088485923514,0.13452978945376068,0.21425835375980826,counterfactual,,
SHUFFLED_TARGET_PCC,dice,40,0.2836476005154692,0.17563235556277815,0.26250598260819247,0.1576038130471964,0.39350132678566446,0.23384061613283408,0.34001188777694596,counterfactual,,
SHUFFLED_TARGET_PCC,iou,40,0.1797594214224787,0.14768096050464122,0.15108898869257525,0.08554478430033335,0.24494441844904866,0.13922631107443018,0.22891954126980635,counterfactual,,
CLEAN,dice,40,0.5328409652946808,0.2266652363916809,0.570031940187792,0.35484291000927654,0.6960736161457471,0.46356734770268104,0.6004636960050399,imperfect_guidance,EIA_BLEND_075,
CLEAN,iou,40,0.3954379566090921,0.21642257631964407,0.39864841162336656,0.21568941107573622,0.533897975387873,0.3288300369677196,0.46163415986553563,imperfect_guidance,EIA_BLEND_075,
CLEAN,dice,40,0.3499471889177802,0.22080963028209388,0.3007517087388488,0.17647712509760152,0.4478457244284087,0.283445245708239,0.41870259365380447,imperfect_guidance,EIA_LINEAR,
CLEAN,iou,40,0.23686487333057515,0.19204394023398955,0.17699148623310335,0.0967802402944925,0.2885379077124074,0.18150805059682887,0.29821411941429854,imperfect_guidance,EIA_LINEAR,
CLEAN,dice,40,0.3884208514831534,0.1735083320190867,0.37746157603644065,0.2644963101871098,0.49369194950449413,0.33777557195282537,0.44116704901199855,imperfect_guidance,PCC,
CLEAN,iou,40,0.25657411219916976,0.15010497062885392,0.2326364630461027,0.15240340790608267,0.3277877622527373,0.21303796607910838,0.30498432247819063,imperfect_guidance,PCC,
FP_25,dice,40,0.5321714773128392,0.22672109091634038,0.5687169507604775,0.3541206453641199,0.6955307618909914,0.4624885265478885,0.6011130755376078,imperfect_guidance,EIA_BLEND_075,
FP_25,iou,40,0.3948008652640488,0.2163624788182795,0.39737126078895646,0.2151559199331482,0.533261630447719,0.3297092260810517,0.46139002054243383,imperfect_guidance,EIA_BLEND_075,
FP_25,dice,40,0.34309896255448863,0.22214310734090809,0.29904082711153523,0.17631054361618587,0.4358209124464738,0.27754044403490585,0.4141264152107677,imperfect_guidance,EIA_LINEAR,
FP_25,iou,40,0.23189511379842215,0.1920312630156764,0.17581005544755102,0.09668056622118452,0.2786344735889638,0.17631276126796086,0.2950409703956462,imperfect_guidance,EIA_LINEAR,
FP_25,dice,40,0.3841702119706099,0.1739224612510571,0.3753987679435118,0.2585386907252648,0.49127557635214103,0.3319375502138544,0.4383980708580736,imperfect_guidance,PCC,
FP_25,iou,40,0.2532512630755264,0.14962663784474817,0.23107139879256774,0.1484611275296859,0.32566209041826655,0.20984102479422712,0.3006085550204265,imperfect_guidance,PCC,
MIXED,dice,40,0.4542130217982523,0.19538327714478443,0.4580160374557344,0.3103316628909458,0.5976367142359951,0.39398834173764846,0.5150145538024025,imperfect_guidance,EIA_BLEND_075,
MIXED,iou,40,0.3151317003042521,0.17156418995532752,0.2977681697460635,0.18373296873537104,0.42628384526278285,0.26409785996688445,0.3692367718088552,imperfect_guidance,EIA_BLEND_075,
MIXED,dice,40,0.32496917742915843,0.2024559676228497,0.29225947398459073,0.16803709964739422,0.4254093094659135,0.26452462365747104,0.3879531851758998,imperfect_guidance,EIA_LINEAR,
MIXED,iou,40,0.213251160326495,0.16460067578799256,0.17115056273010426,0.091727496757905,0.2702007750210539,0.16652070047281675,0.2668951729675018,imperfect_guidance,EIA_LINEAR,
MIXED,dice,40,0.33275475996139303,0.1674463657291604,0.333740220675845,0.19975677037094075,0.45459091002382845,0.28410097761481223,0.3857280780972624,imperfect_guidance,PCC,
MIXED,iou,40,0.21278610422739863,0.13614557391592777,0.20032464113253456,0.11100613417695741,0.2941907482668774,0.1727776597439624,0.2568853259400087,imperfect_guidance,PCC,
PARTIAL_25,dice,40,0.4596381955482844,0.20176724884576108,0.47538130851670213,0.2844183898992246,0.6091091473636229,0.3981501541332404,0.5202250510167991,imperfect_guidance,EIA_BLEND_075,
PARTIAL_25,iou,40,0.3205491707452868,0.17485374496386863,0.3119333692689983,0.1658187825172187,0.43793474368446916,0.2678661330566848,0.3739205471453674,imperfect_guidance,EIA_BLEND_075,
PARTIAL_25,dice,40,0.32763538868724157,0.19767822312967662,0.2780864894841677,0.16981723045887281,0.4330779517227047,0.2693104448994408,0.3904578719920362,imperfect_guidance,EIA_LINEAR,
PARTIAL_25,iou,40,0.2144020918658185,0.16183272770514617,0.1615430197281795,0.09278721334022971,0.2763877242798228,0.1671880800156257,0.26524440016174533,imperfect_guidance,EIA_LINEAR,
PARTIAL_25,dice,40,0.32372225537501925,0.1641362693263026,0.3150063162784368,0.20184651062316797,0.43993323361161807,0.2747351958953845,0.3760552226252676,imperfect_guidance,PCC,
PARTIAL_25,iou,40,0.2056780070724879,0.1330845075932169,0.18694816119023214,0.11226134633933295,0.28199964710025927,0.1670558986596695,0.24903064163834407,imperfect_guidance,PCC,
PARTIAL_50,dice,40,0.49228363235520345,0.214738278520055,0.52055909278046,0.32985091933006416,0.6263383061859218,0.42639916640830755,0.5575718275652802,imperfect_guidance,EIA_BLEND_075,
PARTIAL_50,iou,40,0.35359533368858775,0.19704228032407997,0.35186437329887843,0.1975070413708787,0.45604697839137687,0.2931227705302543,0.41488636513567195,imperfect_guidance,EIA_BLEND_075,
PARTIAL_50,dice,40,0.33926009082285846,0.2113828877822837,0.29594335121772175,0.17244835053283789,0.44351671177725827,0.27598045929384374,0.40563198013561264,imperfect_guidance,EIA_LINEAR,
PARTIAL_50,iou,40,0.22624260963337525,0.17865438775258846,0.1736723307656193,0.09436253846646335,0.28494794485347985,0.17519783192220256,0.2819871606525888,imperfect_guidance,EIA_LINEAR,
PARTIAL_50,dice,40,0.3491819000755053,0.17049433522895496,0.3429842354867235,0.2192788219939305,0.4663558096759517,0.2987631041550207,0.4036877829942379,imperfect_guidance,PCC,
PARTIAL_50,iou,40,0.22561972938452798,0.14172962676756598,0.2069891616174906,0.12314112158040548,0.30409023513682654,0.18466293970709766,0.27088969352270736,imperfect_guidance,PCC,
SHIFT_3,dice,40,0.4845170299996234,0.19844053360332464,0.5020908012265854,0.3483837060109567,0.6272613591458694,0.4246894393450624,0.5430516934792186,imperfect_guidance,EIA_BLEND_075,
SHIFT_3,iou,40,0.34278763825957725,0.1787811719080088,0.3354134156419276,0.21093833479201962,0.4570095973479072,0.2887146595721682,0.3994677435055201,imperfect_guidance,EIA_BLEND_075,
SHIFT_3,dice,40,0.34053565335051517,0.20773477741274257,0.29828623223080875,0.17220225056872351,0.44555729907312497,0.27931950902488967,0.40654457424112866,imperfect_guidance,EIA_LINEAR,
SHIFT_3,iou,40,0.2261098916522589,0.17254159073381528,0.17528851302495924,0.09421562824667318,0.2866376079571102,0.17503359515964753,0.28181677425881424,imperfect_guidance,EIA_LINEAR,
SHIFT_3,dice,40,0.3684392010009529,0.17127513921471288,0.36299686423099475,0.24097492554005212,0.4824959646309791,0.3169918576583797,0.42292475833372434,imperfect_guidance,PCC,
SHIFT_3,iou,40,0.24045721556167649,0.1442079837194099,0.22177078509880194,0.13736197139161066,0.31800739083765556,0.19880940789889642,0.28525313829051907,imperfect_guidance,PCC,
BOUNDARY_TOLERANT,dice,40,0.3503279431268577,0.17919476677667603,0.3478451521099555,0.2153998659511367,0.4726881719682231,0.2971379311391672,0.405687733036465,target_construction,,original_clean
BOUNDARY_TOLERANT,iou,40,0.22803103717307355,0.1496588622132604,0.21054067477806315,0.1207183997256933,0.30960763624377874,0.18551330204339,0.27624007865236555,target_construction,,original_clean
BOUNDARY_TOLERANT,dice,40,0.1689661671758486,0.1603758419157388,0.1047221442018543,0.03317062009977535,0.3060544519211579,0.12101594582595841,0.2206460738256715,target_construction,,same_definition
BOUNDARY_TOLERANT,iou,40,0.10108166835571382,0.10342144535228623,0.05526666117382935,0.01686929607770685,0.18067865130174807,0.07021975012699214,0.13427851216092979,target_construction,,same_definition
ERODED_CURRENT,dice,40,0.41313777866057466,0.16430606595843503,0.39027054005250694,0.2988986727904536,0.5044762940168925,0.3635553872143124,0.46484915741569005,target_construction,,original_clean
ERODED_CURRENT,iou,40,0.2748776044433563,0.14573826013302743,0.2424464863477224,0.17574383273062383,0.3373283158127194,0.23293643671755887,0.32154977825817066,target_construction,,original_clean
ERODED_CURRENT,dice,40,0.3266051839390868,0.14192240077688278,0.3152678062687197,0.21170441972362136,0.40799141739158334,0.28455418092346757,0.3718018258074674,target_construction,,same_definition
ERODED_CURRENT,iou,40,0.2040345053993759,0.10767972760736541,0.1872660158569528,0.11838337987367184,0.2562789044775903,0.1718963085495636,0.23769150461385763,target_construction,,same_definition
LARGE_CHANGE_ONLY,dice,40,0.38835483808647303,0.1737382933924834,0.3775875682249237,0.2660584180212474,0.49403043534450036,0.3356079606641686,0.44223197447992024,target_construction,,original_clean
LARGE_CHANGE_ONLY,iou,40,0.2565815752291226,0.15047694330426317,0.232732172715036,0.15344178220918722,0.3280843810411163,0.21185323026170316,0.3046515073019408,target_construction,,original_clean
LARGE_CHANGE_ONLY,dice,40,0.3841598682982995,0.17807577118120493,0.37747289345053386,0.2608990184781757,0.4941551921354561,0.3308885339081732,0.4390740965596995,target_construction,,same_definition
LARGE_CHANGE_ONLY,iou,40,0.2538994190337866,0.15240760208055415,0.23264507409912744,0.15004377444203926,0.32819280299149606,0.2104812410766944,0.3016479508030987,target_construction,,same_definition
ORIGINAL,dice,40,0.3884208514831534,0.1735083320190867,0.37746157603644065,0.2644963101871098,0.49369194950449413,0.33585205585243805,0.4418951030724059,target_construction,,original_clean
ORIGINAL,iou,40,0.25657411219916976,0.15010497062885392,0.2326364630461027,0.15240340790608267,0.3277877622527373,0.21264924201526117,0.30368144337220954,target_construction,,original_clean
ORIGINAL,dice,40,0.3884208514831534,0.1735083320190867,0.37746157603644065,0.2644963101871098,0.49369194950449413,0.3362042642018707,0.44260636864743536,target_construction,,same_definition
ORIGINAL,iou,40,0.25657411219916976,0.15010497062885392,0.2326364630461027,0.15240340790608267,0.3277877622527373,0.21279289973954532,0.3035547340197834,target_construction,,same_definition
FIXED_P0,dice,40,0.2762071661327381,0.16648155812622573,0.26824731584193473,0.1605030356699344,0.39412070110037045,0.22718335196982162,0.3283168501329602,difference_map_control,,
FIXED_P0,iou,40,0.17217822095393448,0.12831041248513567,0.15493534141934123,0.08725397321039535,0.24542442636452688,0.13491417837561218,0.21256595371464979,difference_map_control,,
RETROSPECTIVE_FUTURE_IMAGE_DIFFERENCE_CONTROL,dice,40,0.04745301181639204,0.05317115990906748,0.0265146478970134,0.0020022364237797,0.08799821206827697,0.03206015883476472,0.064359335560196,difference_map_control,,
RETROSPECTIVE_FUTURE_IMAGE_DIFFERENCE_CONTROL,iou,40,0.02506453777302368,0.02868789652717414,0.01343552737172885,0.0010021413419489,0.04604147497484915,0.01670133267149383,0.034087921967275926,difference_map_control,,
