claim_id,cohort,label,value,source,locator
INT_Fixed_Dice_0.5,internal_confirmatory,Fixed Dice_0.5,0.239265928634699,outputs/pcc_113_stage_b_final_audit_patch_v2_2026/V1_SNAPSHOT/03_COMBINED_RESULTS/ALL_CASE_METHOD_METRICS.csv,"mean over method=Fixed, n=113"
INT_Fixed_IoU_0.5,internal_confirmatory,Fixed IoU_0.5,0.142756762716335,outputs/pcc_113_stage_b_final_audit_patch_v2_2026/V1_SNAPSHOT/03_COMBINED_RESULTS/ALL_CASE_METHOD_METRICS.csv,"mean over method=Fixed, n=113"
INT_Fixed_soft_Dice,internal_confirmatory,Fixed soft_Dice,0.18515205004392,outputs/pcc_113_stage_b_final_audit_patch_v2_2026/V1_SNAPSHOT/03_COMBINED_RESULTS/ALL_CASE_METHOD_METRICS.csv,"mean over method=Fixed, n=113"
INT_Fixed_Brier,internal_confirmatory,Fixed Brier,0.00452343899623397,outputs/pcc_113_stage_b_final_audit_patch_v2_2026/V1_SNAPSHOT/03_COMBINED_RESULTS/ALL_CASE_METHOD_METRICS.csv,"mean over method=Fixed, n=113"
INT_Fixed_average_precision,internal_confirmatory,Fixed average_precision,0.227206341233098,outputs/pcc_113_stage_b_final_audit_patch_v2_2026/V1_SNAPSHOT/03_COMBINED_RESULTS/ALL_CASE_METHOD_METRICS.csv,"mean over method=Fixed, n=113"
INT_Fixed_topk_Dice,internal_confirmatory,Fixed topk_Dice,0.268297579045436,outputs/pcc_113_stage_b_final_audit_patch_v2_2026/V1_SNAPSHOT/03_COMBINED_RESULTS/ALL_CASE_METHOD_METRICS.csv,"mean over method=Fixed, n=113"
INT_Full PCC_Dice_0.5,internal_confirmatory,Full PCC Dice_0.5,0.44397692155781,outputs/pcc_113_stage_b_final_audit_patch_v2_2026/V1_SNAPSHOT/03_COMBINED_RESULTS/ALL_CASE_METHOD_METRICS.csv,"mean over method=Full PCC, n=113"
INT_Full PCC_IoU_0.5,internal_confirmatory,Full PCC IoU_0.5,0.302663734979063,outputs/pcc_113_stage_b_final_audit_patch_v2_2026/V1_SNAPSHOT/03_COMBINED_RESULTS/ALL_CASE_METHOD_METRICS.csv,"mean over method=Full PCC, n=113"
INT_Full PCC_soft_Dice,internal_confirmatory,Full PCC soft_Dice,0.266710443020847,outputs/pcc_113_stage_b_final_audit_patch_v2_2026/V1_SNAPSHOT/03_COMBINED_RESULTS/ALL_CASE_METHOD_METRICS.csv,"mean over method=Full PCC, n=113"
INT_Full PCC_Brier,internal_confirmatory,Full PCC Brier,0.00310185538123656,outputs/pcc_113_stage_b_final_audit_patch_v2_2026/V1_SNAPSHOT/03_COMBINED_RESULTS/ALL_CASE_METHOD_METRICS.csv,"mean over method=Full PCC, n=113"
INT_Full PCC_average_precision,internal_confirmatory,Full PCC average_precision,0.414236830941246,outputs/pcc_113_stage_b_final_audit_patch_v2_2026/V1_SNAPSHOT/03_COMBINED_RESULTS/ALL_CASE_METHOD_METRICS.csv,"mean over method=Full PCC, n=113"
INT_Full PCC_topk_Dice,internal_confirmatory,Full PCC topk_Dice,0.439821239156727,outputs/pcc_113_stage_b_final_audit_patch_v2_2026/V1_SNAPSHOT/03_COMBINED_RESULTS/ALL_CASE_METHOD_METRICS.csv,"mean over method=Full PCC, n=113"
INT_No-smoothing PCC_Dice_0.5,internal_confirmatory,No-smoothing PCC Dice_0.5,0.636785140500063,outputs/pcc_113_stage_b_final_audit_patch_v2_2026/V1_SNAPSHOT/03_COMBINED_RESULTS/ALL_CASE_METHOD_METRICS.csv,"mean over method=No-smoothing PCC, n=113"
INT_No-smoothing PCC_IoU_0.5,internal_confirmatory,No-smoothing PCC IoU_0.5,0.495764993085484,outputs/pcc_113_stage_b_final_audit_patch_v2_2026/V1_SNAPSHOT/03_COMBINED_RESULTS/ALL_CASE_METHOD_METRICS.csv,"mean over method=No-smoothing PCC, n=113"
INT_No-smoothing PCC_soft_Dice,internal_confirmatory,No-smoothing PCC soft_Dice,0.320365744058084,outputs/pcc_113_stage_b_final_audit_patch_v2_2026/V1_SNAPSHOT/03_COMBINED_RESULTS/ALL_CASE_METHOD_METRICS.csv,"mean over method=No-smoothing PCC, n=113"
INT_No-smoothing PCC_Brier,internal_confirmatory,No-smoothing PCC Brier,0.00258274833729991,outputs/pcc_113_stage_b_final_audit_patch_v2_2026/V1_SNAPSHOT/03_COMBINED_RESULTS/ALL_CASE_METHOD_METRICS.csv,"mean over method=No-smoothing PCC, n=113"
INT_No-smoothing PCC_average_precision,internal_confirmatory,No-smoothing PCC average_precision,0.647327957304046,outputs/pcc_113_stage_b_final_audit_patch_v2_2026/V1_SNAPSHOT/03_COMBINED_RESULTS/ALL_CASE_METHOD_METRICS.csv,"mean over method=No-smoothing PCC, n=113"
INT_No-smoothing PCC_topk_Dice,internal_confirmatory,No-smoothing PCC topk_Dice,0.63082922402007,outputs/pcc_113_stage_b_final_audit_patch_v2_2026/V1_SNAPSHOT/03_COMBINED_RESULTS/ALL_CASE_METHOD_METRICS.csv,"mean over method=No-smoothing PCC, n=113"
INT_EIA-linear_Dice_0.5,internal_confirmatory,EIA-linear Dice_0.5,0.295791335956591,outputs/pcc_113_stage_b_final_audit_patch_v2_2026/V1_SNAPSHOT/03_COMBINED_RESULTS/ALL_CASE_METHOD_METRICS.csv,"mean over method=EIA-linear, n=113"
INT_EIA-linear_IoU_0.5,internal_confirmatory,EIA-linear IoU_0.5,0.183401301863913,outputs/pcc_113_stage_b_final_audit_patch_v2_2026/V1_SNAPSHOT/03_COMBINED_RESULTS/ALL_CASE_METHOD_METRICS.csv,"mean over method=EIA-linear, n=113"
INT_EIA-linear_soft_Dice,internal_confirmatory,EIA-linear soft_Dice,0.260248489798276,outputs/pcc_113_stage_b_final_audit_patch_v2_2026/V1_SNAPSHOT/03_COMBINED_RESULTS/ALL_CASE_METHOD_METRICS.csv,"mean over method=EIA-linear, n=113"
INT_EIA-linear_Brier,internal_confirmatory,EIA-linear Brier,0.00334059530401035,outputs/pcc_113_stage_b_final_audit_patch_v2_2026/V1_SNAPSHOT/03_COMBINED_RESULTS/ALL_CASE_METHOD_METRICS.csv,"mean over method=EIA-linear, n=113"
INT_EIA-linear_average_precision,internal_confirmatory,EIA-linear average_precision,0.361148763123153,outputs/pcc_113_stage_b_final_audit_patch_v2_2026/V1_SNAPSHOT/03_COMBINED_RESULTS/ALL_CASE_METHOD_METRICS.csv,"mean over method=EIA-linear, n=113"
INT_EIA-linear_topk_Dice,internal_confirmatory,EIA-linear topk_Dice,0.370149035198819,outputs/pcc_113_stage_b_final_audit_patch_v2_2026/V1_SNAPSHOT/03_COMBINED_RESULTS/ALL_CASE_METHOD_METRICS.csv,"mean over method=EIA-linear, n=113"
INT_EIA-blend-0.90_Dice_0.5,internal_confirmatory,EIA-blend-0.90 Dice_0.5,0.25923787738905,outputs/pcc_113_stage_b_final_audit_patch_v2_2026/V1_SNAPSHOT/03_COMBINED_RESULTS/ALL_CASE_METHOD_METRICS.csv,"mean over method=EIA-blend-0.90, n=113"
INT_EIA-blend-0.90_IoU_0.5,internal_confirmatory,EIA-blend-0.90 IoU_0.5,0.156836912956819,outputs/pcc_113_stage_b_final_audit_patch_v2_2026/V1_SNAPSHOT/03_COMBINED_RESULTS/ALL_CASE_METHOD_METRICS.csv,"mean over method=EIA-blend-0.90, n=113"
INT_EIA-blend-0.90_soft_Dice,internal_confirmatory,EIA-blend-0.90 soft_Dice,0.212318942832686,outputs/pcc_113_stage_b_final_audit_patch_v2_2026/V1_SNAPSHOT/03_COMBINED_RESULTS/ALL_CASE_METHOD_METRICS.csv,"mean over method=EIA-blend-0.90, n=113"
INT_EIA-blend-0.90_Brier,internal_confirmatory,EIA-blend-0.90 Brier,0.00380843349407623,outputs/pcc_113_stage_b_final_audit_patch_v2_2026/V1_SNAPSHOT/03_COMBINED_RESULTS/ALL_CASE_METHOD_METRICS.csv,"mean over method=EIA-blend-0.90, n=113"
INT_EIA-blend-0.90_average_precision,internal_confirmatory,EIA-blend-0.90 average_precision,0.358799416462575,outputs/pcc_113_stage_b_final_audit_patch_v2_2026/V1_SNAPSHOT/03_COMBINED_RESULTS/ALL_CASE_METHOD_METRICS.csv,"mean over method=EIA-blend-0.90, n=113"
INT_EIA-blend-0.90_topk_Dice,internal_confirmatory,EIA-blend-0.90 topk_Dice,0.338825684329171,outputs/pcc_113_stage_b_final_audit_patch_v2_2026/V1_SNAPSHOT/03_COMBINED_RESULTS/ALL_CASE_METHOD_METRICS.csv,"mean over method=EIA-blend-0.90, n=113"
INT_EIA-blend-0.75_Dice_0.5,internal_confirmatory,EIA-blend-0.75 Dice_0.5,0.316707471782529,outputs/pcc_113_stage_b_final_audit_patch_v2_2026/V1_SNAPSHOT/03_COMBINED_RESULTS/ALL_CASE_METHOD_METRICS.csv,"mean over method=EIA-blend-0.75, n=113"
INT_EIA-blend-0.75_IoU_0.5,internal_confirmatory,EIA-blend-0.75 IoU_0.5,0.199105249458248,outputs/pcc_113_stage_b_final_audit_patch_v2_2026/V1_SNAPSHOT/03_COMBINED_RESULTS/ALL_CASE_METHOD_METRICS.csv,"mean over method=EIA-blend-0.75, n=113"
INT_EIA-blend-0.75_soft_Dice,internal_confirmatory,EIA-blend-0.75 soft_Dice,0.253227672715524,outputs/pcc_113_stage_b_final_audit_patch_v2_2026/V1_SNAPSHOT/03_COMBINED_RESULTS/ALL_CASE_METHOD_METRICS.csv,"mean over method=EIA-blend-0.75, n=113"
INT_EIA-blend-0.75_Brier,internal_confirmatory,EIA-blend-0.75 Brier,0.00287583237047219,outputs/pcc_113_stage_b_final_audit_patch_v2_2026/V1_SNAPSHOT/03_COMBINED_RESULTS/ALL_CASE_METHOD_METRICS.csv,"mean over method=EIA-blend-0.75, n=113"
INT_EIA-blend-0.75_average_precision,internal_confirmatory,EIA-blend-0.75 average_precision,0.477864731143299,outputs/pcc_113_stage_b_final_audit_patch_v2_2026/V1_SNAPSHOT/03_COMBINED_RESULTS/ALL_CASE_METHOD_METRICS.csv,"mean over method=EIA-blend-0.75, n=113"
INT_EIA-blend-0.75_topk_Dice,internal_confirmatory,EIA-blend-0.75 topk_Dice,0.44381081129308,outputs/pcc_113_stage_b_final_audit_patch_v2_2026/V1_SNAPSHOT/03_COMBINED_RESULTS/ALL_CASE_METHOD_METRICS.csv,"mean over method=EIA-blend-0.75, n=113"
INT_C1_n,internal_confirmatory,Full PCC vs Fixed n,113,outputs/pcc_113_stage_b_final_audit_patch_v2_2026/V1_SNAPSHOT/04_STATISTICS/CONFIRMATORY_STATISTICS.csv,row 1
INT_C1_mean_difference,internal_confirmatory,Full PCC vs Fixed mean_difference,0.20471099292311104,outputs/pcc_113_stage_b_final_audit_patch_v2_2026/V1_SNAPSHOT/04_STATISTICS/CONFIRMATORY_STATISTICS.csv,row 1
INT_C1_median_difference,internal_confirmatory,Full PCC vs Fixed median_difference,0.21172012491758974,outputs/pcc_113_stage_b_final_audit_patch_v2_2026/V1_SNAPSHOT/04_STATISTICS/CONFIRMATORY_STATISTICS.csv,row 1
INT_C1_wilcoxon_p_two_sided,internal_confirmatory,Full PCC vs Fixed wilcoxon_p_two_sided,2.803208638992356e-20,outputs/pcc_113_stage_b_final_audit_patch_v2_2026/V1_SNAPSHOT/04_STATISTICS/CONFIRMATORY_STATISTICS.csv,row 1
INT_C1_holm_adjusted_p,internal_confirmatory,Full PCC vs Fixed holm_adjusted_p,5.606417277984712e-20,outputs/pcc_113_stage_b_final_audit_patch_v2_2026/V1_SNAPSHOT/04_STATISTICS/CONFIRMATORY_STATISTICS.csv,row 1
INT_C1_bootstrap_low,internal_confirmatory,Full PCC vs Fixed bootstrap_low,0.19096274516534176,outputs/pcc_113_stage_b_final_audit_patch_v2_2026/V1_SNAPSHOT/04_STATISTICS/CONFIRMATORY_STATISTICS.csv,row 1
INT_C1_bootstrap_high,internal_confirmatory,Full PCC vs Fixed bootstrap_high,0.21809736940125662,outputs/pcc_113_stage_b_final_audit_patch_v2_2026/V1_SNAPSHOT/04_STATISTICS/CONFIRMATORY_STATISTICS.csv,row 1
INT_C1_cohens_dz,internal_confirmatory,Full PCC vs Fixed cohens_dz,2.7464126013186316,outputs/pcc_113_stage_b_final_audit_patch_v2_2026/V1_SNAPSHOT/04_STATISTICS/CONFIRMATORY_STATISTICS.csv,row 1
INT_C1_rank_biserial,internal_confirmatory,Full PCC vs Fixed rank_biserial,1.0,outputs/pcc_113_stage_b_final_audit_patch_v2_2026/V1_SNAPSHOT/04_STATISTICS/CONFIRMATORY_STATISTICS.csv,row 1
INT_C1_wins,internal_confirmatory,Full PCC vs Fixed wins,113,outputs/pcc_113_stage_b_final_audit_patch_v2_2026/V1_SNAPSHOT/04_STATISTICS/CONFIRMATORY_STATISTICS.csv,row 1
INT_C1_ties,internal_confirmatory,Full PCC vs Fixed ties,0,outputs/pcc_113_stage_b_final_audit_patch_v2_2026/V1_SNAPSHOT/04_STATISTICS/CONFIRMATORY_STATISTICS.csv,row 1
INT_C1_losses,internal_confirmatory,Full PCC vs Fixed losses,0,outputs/pcc_113_stage_b_final_audit_patch_v2_2026/V1_SNAPSHOT/04_STATISTICS/CONFIRMATORY_STATISTICS.csv,row 1
INT_C2_n,internal_confirmatory,No-smoothing PCC vs Full PCC n,113,outputs/pcc_113_stage_b_final_audit_patch_v2_2026/V1_SNAPSHOT/04_STATISTICS/CONFIRMATORY_STATISTICS.csv,row 2
INT_C2_mean_difference,internal_confirmatory,No-smoothing PCC vs Full PCC mean_difference,0.19280821894225278,outputs/pcc_113_stage_b_final_audit_patch_v2_2026/V1_SNAPSHOT/04_STATISTICS/CONFIRMATORY_STATISTICS.csv,row 2
INT_C2_median_difference,internal_confirmatory,No-smoothing PCC vs Full PCC median_difference,0.1888692372008789,outputs/pcc_113_stage_b_final_audit_patch_v2_2026/V1_SNAPSHOT/04_STATISTICS/CONFIRMATORY_STATISTICS.csv,row 2
INT_C2_wilcoxon_p_two_sided,internal_confirmatory,No-smoothing PCC vs Full PCC wilcoxon_p_two_sided,2.803208638992356e-20,outputs/pcc_113_stage_b_final_audit_patch_v2_2026/V1_SNAPSHOT/04_STATISTICS/CONFIRMATORY_STATISTICS.csv,row 2
INT_C2_holm_adjusted_p,internal_confirmatory,No-smoothing PCC vs Full PCC holm_adjusted_p,5.606417277984712e-20,outputs/pcc_113_stage_b_final_audit_patch_v2_2026/V1_SNAPSHOT/04_STATISTICS/CONFIRMATORY_STATISTICS.csv,row 2
INT_C2_bootstrap_low,internal_confirmatory,No-smoothing PCC vs Full PCC bootstrap_low,0.17365072852238414,outputs/pcc_113_stage_b_final_audit_patch_v2_2026/V1_SNAPSHOT/04_STATISTICS/CONFIRMATORY_STATISTICS.csv,row 2
INT_C2_bootstrap_high,internal_confirmatory,No-smoothing PCC vs Full PCC bootstrap_high,0.2130463259870739,outputs/pcc_113_stage_b_final_audit_patch_v2_2026/V1_SNAPSHOT/04_STATISTICS/CONFIRMATORY_STATISTICS.csv,row 2
INT_C2_cohens_dz,internal_confirmatory,No-smoothing PCC vs Full PCC cohens_dz,1.7969451138450405,outputs/pcc_113_stage_b_final_audit_patch_v2_2026/V1_SNAPSHOT/04_STATISTICS/CONFIRMATORY_STATISTICS.csv,row 2
INT_C2_rank_biserial,internal_confirmatory,No-smoothing PCC vs Full PCC rank_biserial,1.0,outputs/pcc_113_stage_b_final_audit_patch_v2_2026/V1_SNAPSHOT/04_STATISTICS/CONFIRMATORY_STATISTICS.csv,row 2
INT_C2_wins,internal_confirmatory,No-smoothing PCC vs Full PCC wins,113,outputs/pcc_113_stage_b_final_audit_patch_v2_2026/V1_SNAPSHOT/04_STATISTICS/CONFIRMATORY_STATISTICS.csv,row 2
INT_C2_ties,internal_confirmatory,No-smoothing PCC vs Full PCC ties,0,outputs/pcc_113_stage_b_final_audit_patch_v2_2026/V1_SNAPSHOT/04_STATISTICS/CONFIRMATORY_STATISTICS.csv,row 2
INT_C2_losses,internal_confirmatory,No-smoothing PCC vs Full PCC losses,0,outputs/pcc_113_stage_b_final_audit_patch_v2_2026/V1_SNAPSHOT/04_STATISTICS/CONFIRMATORY_STATISTICS.csv,row 2
EXT_Fixed_Dice_0.5,rhuh_external,Fixed Dice_0.5,0.189500178907418,outputs/pcc_rhuh_external_stage_b_confirmatory_validation_2026/02_CASE_RESULTS/RHUH_STAGE_B_CASE_METHOD_METRICS.csv,"mean over method=Fixed, n=39"
EXT_Fixed_IoU_0.5,rhuh_external,Fixed IoU_0.5,0.1105409594178,outputs/pcc_rhuh_external_stage_b_confirmatory_validation_2026/02_CASE_RESULTS/RHUH_STAGE_B_CASE_METHOD_METRICS.csv,"mean over method=Fixed, n=39"
EXT_Fixed_soft_Dice,rhuh_external,Fixed soft_Dice,0.151170156552657,outputs/pcc_rhuh_external_stage_b_confirmatory_validation_2026/02_CASE_RESULTS/RHUH_STAGE_B_CASE_METHOD_METRICS.csv,"mean over method=Fixed, n=39"
EXT_Fixed_Brier,rhuh_external,Fixed Brier,0.00928385394496658,outputs/pcc_rhuh_external_stage_b_confirmatory_validation_2026/02_CASE_RESULTS/RHUH_STAGE_B_CASE_METHOD_METRICS.csv,"mean over method=Fixed, n=39"
EXT_Fixed_average_precision,rhuh_external,Fixed average_precision,0.153062464060982,outputs/pcc_rhuh_external_stage_b_confirmatory_validation_2026/02_CASE_RESULTS/RHUH_STAGE_B_CASE_METHOD_METRICS.csv,"mean over method=Fixed, n=39"
EXT_Fixed_topk_Dice,rhuh_external,Fixed topk_Dice,0.206621855251881,outputs/pcc_rhuh_external_stage_b_confirmatory_validation_2026/02_CASE_RESULTS/RHUH_STAGE_B_CASE_METHOD_METRICS.csv,"mean over method=Fixed, n=39"
EXT_Full PCC_Dice_0.5,rhuh_external,Full PCC Dice_0.5,0.365426900711493,outputs/pcc_rhuh_external_stage_b_confirmatory_validation_2026/02_CASE_RESULTS/RHUH_STAGE_B_CASE_METHOD_METRICS.csv,"mean over method=Full PCC, n=39"
EXT_Full PCC_IoU_0.5,rhuh_external,Full PCC IoU_0.5,0.238901902199003,outputs/pcc_rhuh_external_stage_b_confirmatory_validation_2026/02_CASE_RESULTS/RHUH_STAGE_B_CASE_METHOD_METRICS.csv,"mean over method=Full PCC, n=39"
EXT_Full PCC_soft_Dice,rhuh_external,Full PCC soft_Dice,0.238223731204255,outputs/pcc_rhuh_external_stage_b_confirmatory_validation_2026/02_CASE_RESULTS/RHUH_STAGE_B_CASE_METHOD_METRICS.csv,"mean over method=Full PCC, n=39"
EXT_Full PCC_Brier,rhuh_external,Full PCC Brier,0.00645728681519453,outputs/pcc_rhuh_external_stage_b_confirmatory_validation_2026/02_CASE_RESULTS/RHUH_STAGE_B_CASE_METHOD_METRICS.csv,"mean over method=Full PCC, n=39"
EXT_Full PCC_average_precision,rhuh_external,Full PCC average_precision,0.309313693664386,outputs/pcc_rhuh_external_stage_b_confirmatory_validation_2026/02_CASE_RESULTS/RHUH_STAGE_B_CASE_METHOD_METRICS.csv,"mean over method=Full PCC, n=39"
EXT_Full PCC_topk_Dice,rhuh_external,Full PCC topk_Dice,0.361214340745077,outputs/pcc_rhuh_external_stage_b_confirmatory_validation_2026/02_CASE_RESULTS/RHUH_STAGE_B_CASE_METHOD_METRICS.csv,"mean over method=Full PCC, n=39"
EXT_No-smoothing PCC_Dice_0.5,rhuh_external,No-smoothing PCC Dice_0.5,0.451227277144659,outputs/pcc_rhuh_external_stage_b_confirmatory_validation_2026/02_CASE_RESULTS/RHUH_STAGE_B_CASE_METHOD_METRICS.csv,"mean over method=No-smoothing PCC, n=39"
EXT_No-smoothing PCC_IoU_0.5,rhuh_external,No-smoothing PCC IoU_0.5,0.313590680739452,outputs/pcc_rhuh_external_stage_b_confirmatory_validation_2026/02_CASE_RESULTS/RHUH_STAGE_B_CASE_METHOD_METRICS.csv,"mean over method=No-smoothing PCC, n=39"
EXT_No-smoothing PCC_soft_Dice,rhuh_external,No-smoothing PCC soft_Dice,0.269638303937967,outputs/pcc_rhuh_external_stage_b_confirmatory_validation_2026/02_CASE_RESULTS/RHUH_STAGE_B_CASE_METHOD_METRICS.csv,"mean over method=No-smoothing PCC, n=39"
EXT_No-smoothing PCC_Brier,rhuh_external,No-smoothing PCC Brier,0.00576466158045133,outputs/pcc_rhuh_external_stage_b_confirmatory_validation_2026/02_CASE_RESULTS/RHUH_STAGE_B_CASE_METHOD_METRICS.csv,"mean over method=No-smoothing PCC, n=39"
EXT_No-smoothing PCC_average_precision,rhuh_external,No-smoothing PCC average_precision,0.404364802068987,outputs/pcc_rhuh_external_stage_b_confirmatory_validation_2026/02_CASE_RESULTS/RHUH_STAGE_B_CASE_METHOD_METRICS.csv,"mean over method=No-smoothing PCC, n=39"
EXT_No-smoothing PCC_topk_Dice,rhuh_external,No-smoothing PCC topk_Dice,0.42625303691107,outputs/pcc_rhuh_external_stage_b_confirmatory_validation_2026/02_CASE_RESULTS/RHUH_STAGE_B_CASE_METHOD_METRICS.csv,"mean over method=No-smoothing PCC, n=39"
EXT_EIA-linear_Dice_0.5,rhuh_external,EIA-linear Dice_0.5,0.246059340048272,outputs/pcc_rhuh_external_stage_b_confirmatory_validation_2026/02_CASE_RESULTS/RHUH_STAGE_B_CASE_METHOD_METRICS.csv,"mean over method=EIA-linear, n=39"
EXT_EIA-linear_IoU_0.5,rhuh_external,EIA-linear IoU_0.5,0.14887360730833,outputs/pcc_rhuh_external_stage_b_confirmatory_validation_2026/02_CASE_RESULTS/RHUH_STAGE_B_CASE_METHOD_METRICS.csv,"mean over method=EIA-linear, n=39"
EXT_EIA-linear_soft_Dice,rhuh_external,EIA-linear soft_Dice,0.276107417385673,outputs/pcc_rhuh_external_stage_b_confirmatory_validation_2026/02_CASE_RESULTS/RHUH_STAGE_B_CASE_METHOD_METRICS.csv,"mean over method=EIA-linear, n=39"
EXT_EIA-linear_Brier,rhuh_external,EIA-linear Brier,0.00625543637166287,outputs/pcc_rhuh_external_stage_b_confirmatory_validation_2026/02_CASE_RESULTS/RHUH_STAGE_B_CASE_METHOD_METRICS.csv,"mean over method=EIA-linear, n=39"
EXT_EIA-linear_average_precision,rhuh_external,EIA-linear average_precision,0.354053736636372,outputs/pcc_rhuh_external_stage_b_confirmatory_validation_2026/02_CASE_RESULTS/RHUH_STAGE_B_CASE_METHOD_METRICS.csv,"mean over method=EIA-linear, n=39"
EXT_EIA-linear_topk_Dice,rhuh_external,EIA-linear topk_Dice,0.343453854363517,outputs/pcc_rhuh_external_stage_b_confirmatory_validation_2026/02_CASE_RESULTS/RHUH_STAGE_B_CASE_METHOD_METRICS.csv,"mean over method=EIA-linear, n=39"
EXT_EIA-blend-0.90_Dice_0.5,rhuh_external,EIA-blend-0.90 Dice_0.5,0.205853611954904,outputs/pcc_rhuh_external_stage_b_confirmatory_validation_2026/02_CASE_RESULTS/RHUH_STAGE_B_CASE_METHOD_METRICS.csv,"mean over method=EIA-blend-0.90, n=39"
EXT_EIA-blend-0.90_IoU_0.5,rhuh_external,EIA-blend-0.90 IoU_0.5,0.121454089013419,outputs/pcc_rhuh_external_stage_b_confirmatory_validation_2026/02_CASE_RESULTS/RHUH_STAGE_B_CASE_METHOD_METRICS.csv,"mean over method=EIA-blend-0.90, n=39"
EXT_EIA-blend-0.90_soft_Dice,rhuh_external,EIA-blend-0.90 soft_Dice,0.194452982607413,outputs/pcc_rhuh_external_stage_b_confirmatory_validation_2026/02_CASE_RESULTS/RHUH_STAGE_B_CASE_METHOD_METRICS.csv,"mean over method=EIA-blend-0.90, n=39"
EXT_EIA-blend-0.90_Brier,rhuh_external,EIA-blend-0.90 Brier,0.00776757232871665,outputs/pcc_rhuh_external_stage_b_confirmatory_validation_2026/02_CASE_RESULTS/RHUH_STAGE_B_CASE_METHOD_METRICS.csv,"mean over method=EIA-blend-0.90, n=39"
EXT_EIA-blend-0.90_average_precision,rhuh_external,EIA-blend-0.90 average_precision,0.272188986199316,outputs/pcc_rhuh_external_stage_b_confirmatory_validation_2026/02_CASE_RESULTS/RHUH_STAGE_B_CASE_METHOD_METRICS.csv,"mean over method=EIA-blend-0.90, n=39"
EXT_EIA-blend-0.90_topk_Dice,rhuh_external,EIA-blend-0.90 topk_Dice,0.240753281589379,outputs/pcc_rhuh_external_stage_b_confirmatory_validation_2026/02_CASE_RESULTS/RHUH_STAGE_B_CASE_METHOD_METRICS.csv,"mean over method=EIA-blend-0.90, n=39"
EXT_EIA-blend-0.75_Dice_0.5,rhuh_external,EIA-blend-0.75 Dice_0.5,0.248209133555972,outputs/pcc_rhuh_external_stage_b_confirmatory_validation_2026/02_CASE_RESULTS/RHUH_STAGE_B_CASE_METHOD_METRICS.csv,"mean over method=EIA-blend-0.75, n=39"
EXT_EIA-blend-0.75_IoU_0.5,rhuh_external,EIA-blend-0.75 IoU_0.5,0.15070914123345,outputs/pcc_rhuh_external_stage_b_confirmatory_validation_2026/02_CASE_RESULTS/RHUH_STAGE_B_CASE_METHOD_METRICS.csv,"mean over method=EIA-blend-0.75, n=39"
EXT_EIA-blend-0.75_soft_Dice,rhuh_external,EIA-blend-0.75 soft_Dice,0.261388990922644,outputs/pcc_rhuh_external_stage_b_confirmatory_validation_2026/02_CASE_RESULTS/RHUH_STAGE_B_CASE_METHOD_METRICS.csv,"mean over method=EIA-blend-0.75, n=39"
EXT_EIA-blend-0.75_Brier,rhuh_external,EIA-blend-0.75 Brier,0.00578331637303936,outputs/pcc_rhuh_external_stage_b_confirmatory_validation_2026/02_CASE_RESULTS/RHUH_STAGE_B_CASE_METHOD_METRICS.csv,"mean over method=EIA-blend-0.75, n=39"
EXT_EIA-blend-0.75_average_precision,rhuh_external,EIA-blend-0.75 average_precision,0.406573833649434,outputs/pcc_rhuh_external_stage_b_confirmatory_validation_2026/02_CASE_RESULTS/RHUH_STAGE_B_CASE_METHOD_METRICS.csv,"mean over method=EIA-blend-0.75, n=39"
EXT_EIA-blend-0.75_topk_Dice,rhuh_external,EIA-blend-0.75 topk_Dice,0.345962729134002,outputs/pcc_rhuh_external_stage_b_confirmatory_validation_2026/02_CASE_RESULTS/RHUH_STAGE_B_CASE_METHOD_METRICS.csv,"mean over method=EIA-blend-0.75, n=39"
EXT_C1_n,rhuh_external,Full PCC vs Fixed n,39,outputs/pcc_rhuh_external_stage_b_confirmatory_validation_2026/06_CONFIRMATORY_STATISTICS/RHUH_STAGE_B_CONFIRMATORY_STATISTICS.csv,row 1
EXT_C1_mean_difference,rhuh_external,Full PCC vs Fixed mean_difference,0.17592672180407568,outputs/pcc_rhuh_external_stage_b_confirmatory_validation_2026/06_CONFIRMATORY_STATISTICS/RHUH_STAGE_B_CONFIRMATORY_STATISTICS.csv,row 1
EXT_C1_median_difference,rhuh_external,Full PCC vs Fixed median_difference,0.1853165072216912,outputs/pcc_rhuh_external_stage_b_confirmatory_validation_2026/06_CONFIRMATORY_STATISTICS/RHUH_STAGE_B_CONFIRMATORY_STATISTICS.csv,row 1
EXT_C1_wilcoxon_p_two_sided,rhuh_external,Full PCC vs Fixed wilcoxon_p_two_sided,3.637978807091713e-12,outputs/pcc_rhuh_external_stage_b_confirmatory_validation_2026/06_CONFIRMATORY_STATISTICS/RHUH_STAGE_B_CONFIRMATORY_STATISTICS.csv,row 1
EXT_C1_holm_adjusted_p,rhuh_external,Full PCC vs Fixed holm_adjusted_p,7.275957614183426e-12,outputs/pcc_rhuh_external_stage_b_confirmatory_validation_2026/06_CONFIRMATORY_STATISTICS/RHUH_STAGE_B_CONFIRMATORY_STATISTICS.csv,row 1
EXT_C1_bootstrap_95ci_low,rhuh_external,Full PCC vs Fixed bootstrap_95ci_low,0.15085505697494797,outputs/pcc_rhuh_external_stage_b_confirmatory_validation_2026/06_CONFIRMATORY_STATISTICS/RHUH_STAGE_B_CONFIRMATORY_STATISTICS.csv,row 1
EXT_C1_bootstrap_95ci_high,rhuh_external,Full PCC vs Fixed bootstrap_95ci_high,0.19916239291277402,outputs/pcc_rhuh_external_stage_b_confirmatory_validation_2026/06_CONFIRMATORY_STATISTICS/RHUH_STAGE_B_CONFIRMATORY_STATISTICS.csv,row 1
EXT_C1_cohens_dz,rhuh_external,Full PCC vs Fixed cohens_dz,2.236074987445618,outputs/pcc_rhuh_external_stage_b_confirmatory_validation_2026/06_CONFIRMATORY_STATISTICS/RHUH_STAGE_B_CONFIRMATORY_STATISTICS.csv,row 1
EXT_C1_rank_biserial,rhuh_external,Full PCC vs Fixed rank_biserial,1.0,outputs/pcc_rhuh_external_stage_b_confirmatory_validation_2026/06_CONFIRMATORY_STATISTICS/RHUH_STAGE_B_CONFIRMATORY_STATISTICS.csv,row 1
EXT_C1_wins,rhuh_external,Full PCC vs Fixed wins,39,outputs/pcc_rhuh_external_stage_b_confirmatory_validation_2026/06_CONFIRMATORY_STATISTICS/RHUH_STAGE_B_CONFIRMATORY_STATISTICS.csv,row 1
EXT_C1_ties,rhuh_external,Full PCC vs Fixed ties,0,outputs/pcc_rhuh_external_stage_b_confirmatory_validation_2026/06_CONFIRMATORY_STATISTICS/RHUH_STAGE_B_CONFIRMATORY_STATISTICS.csv,row 1
EXT_C1_losses,rhuh_external,Full PCC vs Fixed losses,0,outputs/pcc_rhuh_external_stage_b_confirmatory_validation_2026/06_CONFIRMATORY_STATISTICS/RHUH_STAGE_B_CONFIRMATORY_STATISTICS.csv,row 1
EXT_C2_n,rhuh_external,No-smoothing PCC vs Full PCC n,39,outputs/pcc_rhuh_external_stage_b_confirmatory_validation_2026/06_CONFIRMATORY_STATISTICS/RHUH_STAGE_B_CONFIRMATORY_STATISTICS.csv,row 2
EXT_C2_mean_difference,rhuh_external,No-smoothing PCC vs Full PCC mean_difference,0.08580037643316532,outputs/pcc_rhuh_external_stage_b_confirmatory_validation_2026/06_CONFIRMATORY_STATISTICS/RHUH_STAGE_B_CONFIRMATORY_STATISTICS.csv,row 2
EXT_C2_median_difference,rhuh_external,No-smoothing PCC vs Full PCC median_difference,0.08833724180671815,outputs/pcc_rhuh_external_stage_b_confirmatory_validation_2026/06_CONFIRMATORY_STATISTICS/RHUH_STAGE_B_CONFIRMATORY_STATISTICS.csv,row 2
EXT_C2_wilcoxon_p_two_sided,rhuh_external,No-smoothing PCC vs Full PCC wilcoxon_p_two_sided,7.275957614183426e-12,outputs/pcc_rhuh_external_stage_b_confirmatory_validation_2026/06_CONFIRMATORY_STATISTICS/RHUH_STAGE_B_CONFIRMATORY_STATISTICS.csv,row 2
EXT_C2_holm_adjusted_p,rhuh_external,No-smoothing PCC vs Full PCC holm_adjusted_p,7.275957614183426e-12,outputs/pcc_rhuh_external_stage_b_confirmatory_validation_2026/06_CONFIRMATORY_STATISTICS/RHUH_STAGE_B_CONFIRMATORY_STATISTICS.csv,row 2
EXT_C2_bootstrap_95ci_low,rhuh_external,No-smoothing PCC vs Full PCC bootstrap_95ci_low,0.07161981698837586,outputs/pcc_rhuh_external_stage_b_confirmatory_validation_2026/06_CONFIRMATORY_STATISTICS/RHUH_STAGE_B_CONFIRMATORY_STATISTICS.csv,row 2
EXT_C2_bootstrap_95ci_high,rhuh_external,No-smoothing PCC vs Full PCC bootstrap_95ci_high,0.1005533622159637,outputs/pcc_rhuh_external_stage_b_confirmatory_validation_2026/06_CONFIRMATORY_STATISTICS/RHUH_STAGE_B_CONFIRMATORY_STATISTICS.csv,row 2
EXT_C2_cohens_dz,rhuh_external,No-smoothing PCC vs Full PCC cohens_dz,1.8073467410504533,outputs/pcc_rhuh_external_stage_b_confirmatory_validation_2026/06_CONFIRMATORY_STATISTICS/RHUH_STAGE_B_CONFIRMATORY_STATISTICS.csv,row 2
EXT_C2_rank_biserial,rhuh_external,No-smoothing PCC vs Full PCC rank_biserial,0.9974358974358974,outputs/pcc_rhuh_external_stage_b_confirmatory_validation_2026/06_CONFIRMATORY_STATISTICS/RHUH_STAGE_B_CONFIRMATORY_STATISTICS.csv,row 2
EXT_C2_wins,rhuh_external,No-smoothing PCC vs Full PCC wins,38,outputs/pcc_rhuh_external_stage_b_confirmatory_validation_2026/06_CONFIRMATORY_STATISTICS/RHUH_STAGE_B_CONFIRMATORY_STATISTICS.csv,row 2
EXT_C2_ties,rhuh_external,No-smoothing PCC vs Full PCC ties,0,outputs/pcc_rhuh_external_stage_b_confirmatory_validation_2026/06_CONFIRMATORY_STATISTICS/RHUH_STAGE_B_CONFIRMATORY_STATISTICS.csv,row 2
EXT_C2_losses,rhuh_external,No-smoothing PCC vs Full PCC losses,1,outputs/pcc_rhuh_external_stage_b_confirmatory_validation_2026/06_CONFIRMATORY_STATISTICS/RHUH_STAGE_B_CONFIRMATORY_STATISTICS.csv,row 2
DEV_FIXED_dice_fixed,development,FIXED dice_fixed,0.228576227405659,outputs/pcc_internal_validity_patch_2026/02_target_independent_evaluation/TARGET_INDEPENDENT_METHOD_SUMMARY.csv,fixed_0.5_and_probability
DEV_FIXED_soft_dice,development,FIXED soft_dice,0.22223404839292,outputs/pcc_internal_validity_patch_2026/02_target_independent_evaluation/TARGET_INDEPENDENT_METHOD_SUMMARY.csv,fixed_0.5_and_probability
DEV_FIXED_brier_score,development,FIXED brier_score,0.00630191273692937,outputs/pcc_internal_validity_patch_2026/02_target_independent_evaluation/TARGET_INDEPENDENT_METHOD_SUMMARY.csv,fixed_0.5_and_probability
DEV_FIXED_average_precision,development,FIXED average_precision,0.229372105240914,outputs/pcc_internal_validity_patch_2026/02_target_independent_evaluation/TARGET_INDEPENDENT_METHOD_SUMMARY.csv,fixed_0.5_and_probability
DEV_FULL_PCC_dice_fixed,development,FULL_PCC dice_fixed,0.275815219311704,outputs/pcc_internal_validity_patch_2026/02_target_independent_evaluation/TARGET_INDEPENDENT_METHOD_SUMMARY.csv,fixed_0.5_and_probability
DEV_FULL_PCC_soft_dice,development,FULL_PCC soft_dice,0.269864804427169,outputs/pcc_internal_validity_patch_2026/02_target_independent_evaluation/TARGET_INDEPENDENT_METHOD_SUMMARY.csv,fixed_0.5_and_probability
DEV_FULL_PCC_brier_score,development,FULL_PCC brier_score,0.00470240176983517,outputs/pcc_internal_validity_patch_2026/02_target_independent_evaluation/TARGET_INDEPENDENT_METHOD_SUMMARY.csv,fixed_0.5_and_probability
DEV_FULL_PCC_average_precision,development,FULL_PCC average_precision,0.373095053796324,outputs/pcc_internal_validity_patch_2026/02_target_independent_evaluation/TARGET_INDEPENDENT_METHOD_SUMMARY.csv,fixed_0.5_and_probability
DEV_NO_SMOOTHING_dice_fixed,development,NO_SMOOTHING dice_fixed,0.32630573453148,outputs/pcc_internal_validity_patch_2026/02_target_independent_evaluation/TARGET_INDEPENDENT_METHOD_SUMMARY.csv,fixed_0.5_and_probability
DEV_NO_SMOOTHING_soft_dice,development,NO_SMOOTHING soft_dice,0.309451560706237,outputs/pcc_internal_validity_patch_2026/02_target_independent_evaluation/TARGET_INDEPENDENT_METHOD_SUMMARY.csv,fixed_0.5_and_probability
DEV_NO_SMOOTHING_brier_score,development,NO_SMOOTHING brier_score,0.0038531325669077,outputs/pcc_internal_validity_patch_2026/02_target_independent_evaluation/TARGET_INDEPENDENT_METHOD_SUMMARY.csv,fixed_0.5_and_probability
DEV_NO_SMOOTHING_average_precision,development,NO_SMOOTHING average_precision,0.523143527814765,outputs/pcc_internal_validity_patch_2026/02_target_independent_evaluation/TARGET_INDEPENDENT_METHOD_SUMMARY.csv,fixed_0.5_and_probability
DEV_EIA_LINEAR_dice_fixed,development,EIA_LINEAR dice_fixed,0.24192372871676,outputs/pcc_internal_validity_patch_2026/02_target_independent_evaluation/TARGET_INDEPENDENT_METHOD_SUMMARY.csv,fixed_0.5_and_probability
DEV_EIA_LINEAR_soft_dice,development,EIA_LINEAR soft_dice,0.286173734780173,outputs/pcc_internal_validity_patch_2026/02_target_independent_evaluation/TARGET_INDEPENDENT_METHOD_SUMMARY.csv,fixed_0.5_and_probability
DEV_EIA_LINEAR_brier_score,development,EIA_LINEAR brier_score,0.00516808550665731,outputs/pcc_internal_validity_patch_2026/02_target_independent_evaluation/TARGET_INDEPENDENT_METHOD_SUMMARY.csv,fixed_0.5_and_probability
DEV_EIA_LINEAR_average_precision,development,EIA_LINEAR average_precision,0.351717506385019,outputs/pcc_internal_validity_patch_2026/02_target_independent_evaluation/TARGET_INDEPENDENT_METHOD_SUMMARY.csv,fixed_0.5_and_probability
DEV_EIA_BLEND_090_dice_fixed,development,EIA_BLEND_090 dice_fixed,0.233558329652785,outputs/pcc_internal_validity_patch_2026/02_target_independent_evaluation/TARGET_INDEPENDENT_METHOD_SUMMARY.csv,fixed_0.5_and_probability
DEV_EIA_BLEND_090_soft_dice,development,EIA_BLEND_090 soft_dice,0.245623991410231,outputs/pcc_internal_validity_patch_2026/02_target_independent_evaluation/TARGET_INDEPENDENT_METHOD_SUMMARY.csv,fixed_0.5_and_probability
DEV_EIA_BLEND_090_brier_score,development,EIA_BLEND_090 brier_score,0.00525383342336993,outputs/pcc_internal_validity_patch_2026/02_target_independent_evaluation/TARGET_INDEPENDENT_METHOD_SUMMARY.csv,fixed_0.5_and_probability
DEV_EIA_BLEND_090_average_precision,development,EIA_BLEND_090 average_precision,0.552788739030424,outputs/pcc_internal_validity_patch_2026/02_target_independent_evaluation/TARGET_INDEPENDENT_METHOD_SUMMARY.csv,fixed_0.5_and_probability
DEV_EIA_BLEND_075_dice_fixed,development,EIA_BLEND_075 dice_fixed,0.244297954439313,outputs/pcc_internal_validity_patch_2026/02_target_independent_evaluation/TARGET_INDEPENDENT_METHOD_SUMMARY.csv,fixed_0.5_and_probability
DEV_EIA_BLEND_075_soft_dice,development,EIA_BLEND_075 soft_dice,0.281310054925539,outputs/pcc_internal_validity_patch_2026/02_target_independent_evaluation/TARGET_INDEPENDENT_METHOD_SUMMARY.csv,fixed_0.5_and_probability
DEV_EIA_BLEND_075_brier_score,development,EIA_BLEND_075 brier_score,0.00389058146184781,outputs/pcc_internal_validity_patch_2026/02_target_independent_evaluation/TARGET_INDEPENDENT_METHOD_SUMMARY.csv,fixed_0.5_and_probability
DEV_EIA_BLEND_075_average_precision,development,EIA_BLEND_075 average_precision,0.612147413625866,outputs/pcc_internal_validity_patch_2026/02_target_independent_evaluation/TARGET_INDEPENDENT_METHOD_SUMMARY.csv,fixed_0.5_and_probability
